{
  "version": "1.0",
  "level": 4,
  "description": "较复杂图案，适合5-6岁儿童",
  "drawings": [
    {
      "id": "cat_face",
      "name": "小猫",
      "type": "animal",
      "steps": [
        {
          "name": "脸",
          "description": "画一个大圆圈做脸",
          "color": [210, 180, 140],
          "strokes": [
            {
              "type": "circle",
              "center": [200, 200],
              "radius": 70,
              "start_angle": 0,
              "end_angle": 360,
              "segments": 36
            }
          ]
        },
        {
          "name": "耳朵",
          "description": "画两个三角形做耳朵",
          "color": [210, 180, 140],
          "strokes": [
            {
              "type": "polygon",
              "points": [[140, 160], [130, 120], [160, 140]],
              "closed": true
            },
            {
              "type": "polygon",
              "points": [[260, 160], [270, 120], [240, 140]],
              "closed": true
            }
          ]
        },
        {
          "name": "眼睛",
          "description": "画两个小圆圈做眼睛",
          "color": [0, 0, 0],
          "strokes": [
            {
              "type": "circle",
              "center": [175, 190],
              "radius": 8,
              "start_angle": 0,
              "end_angle": 360,
              "segments": 12
            },
            {
              "type": "circle",
              "center": [225, 190],
              "radius": 8,
              "start_angle": 0,
              "end_angle": 360,
              "segments": 12
            }
          ]
        },
        {
          "name": "鼻子嘴巴",
          "description": "画个小三角形做鼻子，两条线做嘴巴",
          "color": [255, 192, 203],
          "strokes": [
            {
              "type": "polygon",
              "points": [[200, 210], [195, 215], [205, 215]],
              "closed": true
            },
            {
              "type": "arc",
              "center": [190, 215],
              "radius": 10,
              "start_angle": 0,
              "end_angle": 180
            },
            {
              "type": "arc",
              "center": [210, 215],
              "radius": 10,
              "start_angle": 0,
              "end_angle": 180
            }
          ]
        },
        {
          "name": "胡须",
          "description": "画几条线做胡须",
          "color": [0, 0, 0],
          "strokes": [
            {
              "type": "line",
              "points": [[150, 200], [120, 195]]
            },
            {
              "type": "line",
              "points": [[150, 210], [120, 210]]
            },
            {
              "type": "line",
              "points": [[250, 200], [280, 195]]
            },
            {
              "type": "line",
              "points": [[250, 210], [280, 210]]
            }
          ]
        }
      ]
    },
    {
      "id": "flower_detailed",
      "name": "美丽的花",
      "type": "flower",
      "steps": [
        {
          "name": "花茎",
          "description": "先画一条竖线做花茎",
          "color": [34, 139, 34],
          "strokes": [
            {
              "type": "line",
              "points": [[200, 250], [200, 350]]
            }
          ]
        },
        {
          "name": "叶子",
          "description": "画两片叶子",
          "color": [34, 139, 34],
          "strokes": [
            {
              "type": "polygon",
              "points": [[200, 300], [170, 280], [180, 300]],
              "closed": true
            },
            {
              "type": "polygon",
              "points": [[200, 300], [230, 280], [220, 300]],
              "closed": true
            }
          ]
        },
        {
          "name": "花瓣第一层",
          "description": "画三个圆圈做花瓣",
          "color": [255, 182, 193],
          "strokes": [
            {
              "type": "circle",
              "center": [200, 180],
              "radius": 25,
              "start_angle": 0,
              "end_angle": 360,
              "segments": 20
            },
            {
              "type": "circle",
              "center": [175, 200],
              "radius": 25,
              "start_angle": 0,
              "end_angle": 360,
              "segments": 20
            },
            {
              "type": "circle",
              "center": [225, 200],
              "radius": 25,
              "start_angle": 0,
              "end_angle": 360,
              "segments": 20
            }
          ]
        },
        {
          "name": "花瓣第二层",
          "description": "再画两个圆圈",
          "color": [255, 182, 193],
          "strokes": [
            {
              "type": "circle",
              "center": [180, 225],
              "radius": 25,
              "start_angle": 0,
              "end_angle": 360,
              "segments": 20
            },
            {
              "type": "circle",
              "center": [220, 225],
              "radius": 25,
              "start_angle": 0,
              "end_angle": 360,
              "segments": 20
            }
          ]
        },
        {
          "name": "花心",
          "description": "最后在中间画个小圆圈",
          "color": [255, 215, 0],
          "strokes": [
            {
              "type": "circle",
              "center": [200, 200],
              "radius": 20,
              "start_angle": 0,
              "end_angle": 360,
              "segments": 16
            }
          ]
        }
      ]
    },
    {
      "id": "cruise_ship",
      "name": "邮轮",
      "type": "boat",
      "steps": [
        {
          "name": "船体",
          "description": "先画大船的船体",
          "color": [105, 105, 105],
          "strokes": [
            {
              "type": "polygon",
              "points": [[80, 280], [320, 280], [340, 300], [320, 320], [80, 320], [60, 300]],
              "closed": true
            }
          ]
        },
        {
          "name": "甲板楼",
          "description": "画几层甲板楼",
          "color": [211, 211, 211],
          "strokes": [
            {
              "type": "rectangle",
              "points": [[100, 240], [300, 240], [300, 280], [100, 280]],
              "closed": true
            },
            {
              "type": "rectangle",
              "points": [[110, 210], [290, 210], [290, 240], [110, 240]],
              "closed": true
            },
            {
              "type": "rectangle",
              "points": [[120, 180], [280, 180], [280, 210], [120, 210]],
              "closed": true
            }
          ]
        },
        {
          "name": "窗户",
          "description": "画一排小窗户",
          "color": [135, 206, 235],
          "strokes": [
            {
              "type": "rectangle",
              "points": [[130, 250], [150, 250], [150, 270], [130, 270]],
              "closed": true
            },
            {
              "type": "rectangle",
              "points": [[160, 250], [180, 250], [180, 270], [160, 270]],
              "closed": true
            },
            {
              "type": "rectangle",
              "points": [[190, 250], [210, 250], [210, 270], [190, 270]],
              "closed": true
            },
            {
              "type": "rectangle",
              "points": [[220, 250], [240, 250], [240, 270], [220, 270]],
              "closed": true
            },
            {
              "type": "rectangle",
              "points": [[250, 250], [270, 250], [270, 270], [250, 270]],
              "closed": true
            }
          ]
        },
        {
          "name": "烟囱",
          "description": "画两个烟囱",
          "color": [0, 0, 0],
          "strokes": [
            {
              "type": "rectangle",
              "points": [[150, 160], [170, 160], [170, 180], [150, 180]],
              "closed": true
            },
            {
              "type": "rectangle",
              "points": [[230, 160], [250, 160], [250, 180], [230, 180]],
              "closed": true
            }
          ]
        },
        {
          "name": "舱楼",
          "description": "在最上面画舱楼",
          "color": [192, 192, 192],
          "strokes": [
            {
              "type": "rectangle",
              "points": [[170, 150], [230, 150], [230, 180], [170, 180]],
              "closed": true
            },
            {
              "type": "rectangle",
              "points": [[180, 140], [220, 140], [220, 150], [180, 150]],
              "closed": true
            }
          ]
        }
      ]
    }
  ]
}