{
  "version": "1.0",
  "level": 5,
  "description": "复杂图案，适合6岁及以上儿童",
  "drawings": [
    {
      "id": "butterfly",
      "name": "蝴蝶",
      "type": "animal",
      "steps": [
        {
          "name": "身体",
          "description": "先画蝴蝶的身体",
          "color": [100, 50, 0],
          "strokes": [
            {
              "type": "line",
              "points": [[200, 180], [200, 240]]
            },
            {
              "type": "circle",
              "center": [200, 170],
              "radius": 10,
              "start_angle": 0,
              "end_angle": 360,
              "segments": 12
            }
          ]
        },
        {
          "name": "上翅膀",
          "description": "画两个大翅膀",
          "color": [255, 165, 0],
          "strokes": [
            {
              "type": "polygon",
              "points": [[200, 190], [150, 160], [130, 190], [150, 210]],
              "closed": true
            },
            {
              "type": "polygon",
              "points": [[200, 190], [250, 160], [270, 190], [250, 210]],
              "closed": true
            }
          ]
        },
        {
          "name": "下翅膀",
          "description": "画两个小翅膀",
          "color": [255, 200, 0],
          "strokes": [
            {
              "type": "polygon",
              "points": [[200, 210], [160, 220], [150, 240], [180, 230]],
              "closed": true
            },
            {
              "type": "polygon",
              "points": [[200, 210], [240, 220], [250, 240], [220, 230]],
              "closed": true
            }
          ]
        },
        {
          "name": "触角",
          "description": "画两条触角",
          "color": [0, 0, 0],
          "strokes": [
            {
              "type": "line",
              "points": [[195, 170], [185, 155]]
            },
            {
              "type": "line",
              "points": [[205, 170], [215, 155]]
            },
            {
              "type": "circle",
              "center": [185, 155],
              "radius": 3,
              "start_angle": 0,
              "end_angle": 360,
              "segments": 8
            },
            {
              "type": "circle",
              "center": [215, 155],
              "radius": 3,
              "start_angle": 0,
              "end_angle": 360,
              "segments": 8
            }
          ]
        },
        {
          "name": "花纹",
          "description": "在翅膀上画些圆圈做花纹",
          "color": [139, 69, 19],
          "strokes": [
            {
              "type": "circle",
              "center": [150, 185],
              "radius": 8,
              "start_angle": 0,
              "end_angle": 360,
              "segments": 12
            },
            {
              "type": "circle",
              "center": [250, 185],
              "radius": 8,
              "start_angle": 0,
              "end_angle": 360,
              "segments": 12
            },
            {
              "type": "circle",
              "center": [160, 230],
              "radius": 5,
              "start_angle": 0,
              "end_angle": 360,
              "segments": 10
            },
            {
              "type": "circle",
              "center": [240, 230],
              "radius": 5,
              "start_angle": 0,
              "end_angle": 360,
              "segments": 10
            }
          ]
        }
      ]
    },
    {
      "id": "rocket",
      "name": "火箭",
      "type": "car",
      "steps": [
        {
          "name": "主体",
          "description": "画火箭的主体",
          "color": [192, 192, 192],
          "strokes": [
            {
              "type": "rectangle",
              "points": [[170, 150], [230, 150], [230, 280], [170, 280]],
              "closed": true
            }
          ]
        },
        {
          "name": "头部",
          "description": "画火箭的尖头",
          "color": [255, 0, 0],
          "strokes": [
            {
              "type": "polygon",
              "points": [[170, 150], [200, 100], [230, 150]],
              "closed": true
            }
          ]
        },
        {
          "name": "侧翼",
          "description": "画两个侧翼",
          "color": [0, 0, 255],
          "strokes": [
            {
              "type": "polygon",
              "points": [[170, 240], [140, 280], [170, 280]],
              "closed": true
            },
            {
              "type": "polygon",
              "points": [[230, 240], [260, 280], [230, 280]],
              "closed": true
            }
          ]
        },
        {
          "name": "窗户",
          "description": "画个圆形窗户",
          "color": [135, 206, 235],
          "strokes": [
            {
              "type": "circle",
              "center": [200, 180],
              "radius": 20,
              "start_angle": 0,
              "end_angle": 360,
              "segments": 20
            }
          ]
        },
        {
          "name": "外火焰",
          "description": "画橙色的外火焰",
          "color": [255, 69, 0],
          "strokes": [
            {
              "type": "polygon",
              "points": [[175, 280], [170, 290], [165, 305], [170, 320], [180, 330], [185, 320], [185, 300], [182, 280]],
              "closed": true
            },
            {
              "type": "polygon",
              "points": [[185, 280], [183, 295], [180, 310], [185, 325], [195, 335], [200, 340], [205, 335], [215, 325], [220, 310], [217, 295], [215, 280]],
              "closed": true
            },
            {
              "type": "polygon",
              "points": [[218, 280], [215, 300], [215, 320], [220, 330], [230, 320], [235, 305], [230, 290], [225, 280]],
              "closed": true
            }
          ]
        },
        {
          "name": "内火焰",
          "description": "画黄色的内火焰",
          "color": [255, 255, 0],
          "strokes": [
            {
              "type": "polygon",
              "points": [[185, 280], [183, 290], [182, 305], [187, 315], [192, 310], [195, 300], [194, 285], [190, 280]],
              "closed": true
            },
            {
              "type": "polygon",
              "points": [[195, 280], [194, 295], [195, 310], [200, 320], [205, 310], [206, 295], [205, 280]],
              "closed": true
            },
            {
              "type": "polygon",
              "points": [[210, 280], [208, 290], [208, 305], [213, 315], [218, 310], [217, 295], [215, 280]],
              "closed": true
            }
          ]
        }
      ]
    },
    {
      "id": "cruise_ship_sunny",
      "name": "海中邮轮",
      "type": "boat",
      "steps": [
        {
          "name": "海洋",
          "description": "先画波浪起伏的海面",
          "color": [0, 119, 190],
          "strokes": [
            {
              "type": "arc",
              "center": [40, 330],
              "radius": 25,
              "start_angle": 180,
              "end_angle": 360
            },
            {
              "type": "arc",
              "center": [90, 335],
              "radius": 30,
              "start_angle": 180,
              "end_angle": 360
            },
            {
              "type": "arc",
              "center": [140, 330],
              "radius": 25,
              "start_angle": 180,
              "end_angle": 360
            },
            {
              "type": "arc",
              "center": [190, 335],
              "radius": 30,
              "start_angle": 180,
              "end_angle": 360
            },
            {
              "type": "arc",
              "center": [240, 330],
              "radius": 25,
              "start_angle": 180,
              "end_angle": 360
            },
            {
              "type": "arc",
              "center": [290, 335],
              "radius": 30,
              "start_angle": 180,
              "end_angle": 360
            },
            {
              "type": "arc",
              "center": [340, 330],
              "radius": 25,
              "start_angle": 180,
              "end_angle": 360
            },
            {
              "type": "arc",
              "center": [380, 335],
              "radius": 20,
              "start_angle": 180,
              "end_angle": 360
            }
          ]
        },
        {
          "name": "海浪细节",
          "description": "添加更多海浪细节",
          "color": [100, 149, 237],
          "strokes": [
            {
              "type": "arc",
              "center": [65, 340],
              "radius": 15,
              "start_angle": 180,
              "end_angle": 360
            },
            {
              "type": "arc",
              "center": [165, 340],
              "radius": 15,
              "start_angle": 180,
              "end_angle": 360
            },
            {
              "type": "arc",
              "center": [265, 340],
              "radius": 15,
              "start_angle": 180,
              "end_angle": 360
            },
            {
              "type": "arc",
              "center": [50, 350],
              "radius": 20,
              "start_angle": 200,
              "end_angle": 340
            },
            {
              "type": "arc",
              "center": [150, 350],
              "radius": 20,
              "start_angle": 200,
              "end_angle": 340
            },
            {
              "type": "arc",
              "center": [250, 350],
              "radius": 20,
              "start_angle": 200,
              "end_angle": 340
            },
            {
              "type": "arc",
              "center": [350, 350],
              "radius": 20,
              "start_angle": 200,
              "end_angle": 340
            }
          ]
        },
        {
          "name": "太阳",
          "description": "画一个明亮的太阳",
          "color": [255, 223, 0],
          "strokes": [
            {
              "type": "circle",
              "center": [320, 80],
              "radius": 35,
              "segments": 30
            }
          ]
        },
        {
          "name": "阳光",
          "description": "画几道阳光",
          "color": [255, 223, 0],
          "strokes": [
            {
              "type": "line",
              "points": [[320, 45], [320, 30]]
            },
            {
              "type": "line",
              "points": [[320, 115], [320, 130]]
            },
            {
              "type": "line",
              "points": [[285, 80], [270, 80]]
            },
            {
              "type": "line",
              "points": [[355, 80], [370, 80]]
            },
            {
              "type": "line",
              "points": [[295, 55], [280, 40]]
            },
            {
              "type": "line",
              "points": [[345, 55], [360, 40]]
            },
            {
              "type": "line",
              "points": [[295, 105], [280, 120]]
            },
            {
              "type": "line",
              "points": [[345, 105], [360, 120]]
            }
          ]
        },
        {
          "name": "船体",
          "description": "画轮船的船体",
          "color": [105, 105, 105],
          "strokes": [
            {
              "type": "polygon",
              "points": [[60, 280], [340, 280], [360, 300], [340, 320], [60, 320], [40, 300]],
              "closed": true
            }
          ]
        },
        {
          "name": "船体装饰",
          "description": "给船体添加装饰线",
          "color": [0, 0, 139],
          "strokes": [
            {
              "type": "line",
              "points": [[60, 290], [340, 290]]
            },
            {
              "type": "line",
              "points": [[65, 300], [335, 300]]
            }
          ]
        },
        {
          "name": "甲板楼",
          "description": "画多层甲板楼",
          "color": [211, 211, 211],
          "strokes": [
            {
              "type": "rectangle",
              "points": [[80, 240], [320, 240], [320, 280], [80, 280]],
              "closed": true
            },
            {
              "type": "rectangle",
              "points": [[90, 200], [310, 200], [310, 240], [90, 240]],
              "closed": true
            },
            {
              "type": "rectangle",
              "points": [[100, 160], [300, 160], [300, 200], [100, 200]],
              "closed": true
            },
            {
              "type": "rectangle",
              "points": [[110, 130], [290, 130], [290, 160], [110, 160]],
              "closed": true
            }
          ]
        },
        {
          "name": "窗户",
          "description": "画几排小窗户",
          "color": [135, 206, 235],
          "strokes": [
            {
              "type": "rectangle",
              "points": [[110, 250], [125, 250], [125, 265], [110, 265]],
              "closed": true
            },
            {
              "type": "rectangle",
              "points": [[135, 250], [150, 250], [150, 265], [135, 265]],
              "closed": true
            },
            {
              "type": "rectangle",
              "points": [[160, 250], [175, 250], [175, 265], [160, 265]],
              "closed": true
            },
            {
              "type": "rectangle",
              "points": [[185, 250], [200, 250], [200, 265], [185, 265]],
              "closed": true
            },
            {
              "type": "rectangle",
              "points": [[210, 250], [225, 250], [225, 265], [210, 265]],
              "closed": true
            },
            {
              "type": "rectangle",
              "points": [[235, 250], [250, 250], [250, 265], [235, 265]],
              "closed": true
            },
            {
              "type": "rectangle",
              "points": [[260, 250], [275, 250], [275, 265], [260, 265]],
              "closed": true
            },
            {
              "type": "rectangle",
              "points": [[120, 210], [140, 210], [140, 225], [120, 225]],
              "closed": true
            },
            {
              "type": "rectangle",
              "points": [[150, 210], [170, 210], [170, 225], [150, 225]],
              "closed": true
            },
            {
              "type": "rectangle",
              "points": [[180, 210], [200, 210], [200, 225], [180, 225]],
              "closed": true
            },
            {
              "type": "rectangle",
              "points": [[210, 210], [230, 210], [230, 225], [210, 225]],
              "closed": true
            },
            {
              "type": "rectangle",
              "points": [[240, 210], [260, 210], [260, 225], [240, 225]],
              "closed": true
            }
          ]
        },
        {
          "name": "烟囱和舱楼",
          "description": "画烟囱和舱楼",
          "color": [0, 0, 0],
          "strokes": [
            {
              "type": "rectangle",
              "points": [[140, 110], [160, 110], [160, 130], [140, 130]],
              "closed": true
            },
            {
              "type": "rectangle",
              "points": [[240, 110], [260, 110], [260, 130], [240, 130]],
              "closed": true
            }
          ]
        },
        {
          "name": "舱楼细节",
          "description": "完成舱楼部分",
          "color": [192, 192, 192],
          "strokes": [
            {
              "type": "rectangle",
              "points": [[170, 100], [230, 100], [230, 130], [170, 130]],
              "closed": true
            },
            {
              "type": "rectangle",
              "points": [[180, 90], [220, 90], [220, 100], [180, 100]],
              "closed": true
            },
            {
              "type": "line",
              "points": [[200, 85], [200, 90]]
            }
          ]
        },
        {
          "name": "海鸥",
          "description": "添加几只飞翔的海鸥",
          "color": [0, 0, 0],
          "strokes": [
            {
              "type": "arc",
              "center": [50, 60],
              "radius": 10,
              "start_angle": 210,
              "end_angle": 330
            },
            {
              "type": "arc",
              "center": [70, 60],
              "radius": 10,
              "start_angle": 210,
              "end_angle": 330
            },
            {
              "type": "arc",
              "center": [100, 90],
              "radius": 8,
              "start_angle": 210,
              "end_angle": 330
            },
            {
              "type": "arc",
              "center": [115, 90],
              "radius": 8,
              "start_angle": 210,
              "end_angle": 330
            }
          ]
        }
      ]
    }
  ]
}