{
  "version": "1.0",
  "level": 2,
  "description": "简单图案，适合4-5岁儿童",
  "drawings": [
    {
      "id": "sun_medium",
      "name": "太阳",
      "type": "circle",
      "steps": [
        {
          "name": "圆圈",
          "description": "先画一个大圆圈",
          "color": [255, 200, 0],
          "strokes": [
            {
              "type": "circle",
              "center": [200, 200],
              "radius": 80,
              "start_angle": 0,
              "end_angle": 360,
              "segments": 36
            }
          ]
        },
        {
          "name": "光芒",
          "description": "画8条直线做太阳光",
          "color": [255, 150, 0],
          "strokes": [
            {
              "type": "line",
              "points": [[200, 120], [200, 80]]
            },
            {
              "type": "line",
              "points": [[200, 280], [200, 320]]
            },
            {
              "type": "line",  
              "points": [[120, 200], [80, 200]]
            },
            {
              "type": "line",
              "points": [[280, 200], [320, 200]]
            },
            {
              "type": "line",
              "points": [[150, 150], [120, 120]]
            },
            {
              "type": "line",
              "points": [[250, 150], [280, 120]]
            },
            {
              "type": "line",
              "points": [[150, 250], [120, 280]]
            },
            {
              "type": "line",
              "points": [[250, 250], [280, 280]]
            }
          ]
        }
      ]
    },
    {
      "id": "flower_simple",
      "name": "小花",
      "type": "flower",
      "steps": [
        {
          "name": "花茎",
          "description": "画一条竖线做花茎",
          "color": [34, 139, 34],
          "strokes": [
            {
              "type": "line",
              "points": [[200, 250], [200, 350]]
            }
          ]
        },
        {
          "name": "花瓣",
          "description": "画几个圆圈做花瓣",
          "color": [255, 182, 193],
          "strokes": [
            {
              "type": "circle",
              "center": [200, 200],
              "radius": 25,
              "start_angle": 0,
              "end_angle": 360,
              "segments": 20
            },
            {
              "type": "circle",
              "center": [170, 220],
              "radius": 25,
              "start_angle": 0,
              "end_angle": 360,
              "segments": 20
            },
            {
              "type": "circle",
              "center": [230, 220],
              "radius": 25,
              "start_angle": 0,
              "end_angle": 360,
              "segments": 20
            }
          ]
        },
        {
          "name": "花心",
          "description": "中间画个小圆圈",
          "color": [255, 215, 0],
          "strokes": [
            {
              "type": "circle",
              "center": [200, 220],
              "radius": 15,
              "start_angle": 0,
              "end_angle": 360,
              "segments": 20
            }
          ]
        }
      ]
    },
    {
      "id": "boat_simple",
      "name": "小船",
      "type": "boat",
      "steps": [
        {
          "name": "船身",
          "description": "先画一个半圆形做船身",
          "color": [139, 69, 19],
          "strokes": [
            {
              "type": "arc",
              "center": [200, 250],
              "radius": 80,
              "start_angle": 0,
              "end_angle": 180
            },
            {
              "type": "line",
              "points": [[120, 250], [280, 250]]
            }
          ]
        },
        {
          "name": "帆",
          "description": "画一个三角形做帆",
          "color": [255, 228, 181],
          "strokes": [
            {
              "type": "polygon",
              "points": [[200, 100], [200, 240], [260, 200]],
              "closed": true
            }
          ]
        },
        {
          "name": "桅杆",
          "description": "画一条竖线做桅杆",
          "color": [101, 67, 33],
          "strokes": [
            {
              "type": "line",
              "points": [[200, 250], [200, 100]]
            }
          ]
        }
      ]
    }
  ]
}